512345,Mr,John,Smith
713256,Ms.,Emily,Rodriguez
285937,Dr.,Michael,Lee
935462,Ms.,Maria,Garcia
419573,Mr.,David,Wilson
163489,Mrs.,Sarah,Martinez
592184,Mr.,Robert,Johnson
732951,Ms.,Jessica,Lopez
948261,Dr.,William,Hill
357219,Mx.,Jordan,Lee
184653,Mr.,Daniel,Williams
928475,Ms.,Elizabeth,Davis
105932,Dr.,Christopher,Miller
273849,Mx.,Taylor,Moore
839562,Mrs.,Patricia,Martin
495932,Mr.,Matthew,Anderson
123894,Ms.,Ashley,Robinson
564218,Mx.,Jordan,Thomas
739452,Dr.,Mark,Young
294853,Mrs.,Lisa,King
384756,Mr.,James,Taylor
